,名前,メールアドレス,住所,年齢
76,佐々木 翼,sayuriito@example.org,栃木県浦安市権現堂2丁目2番9号,20
46,伊藤 裕美子,itomaaya@example.com,群馬県町田市戸山29丁目2番2号 上野公園クレスト398,21
34,中島 千代,kyosuke77@example.net,東京都小金井市丸の内1丁目21番8号 シティ独鈷沢411,21
3,橋本 亮介,fujiikana@example.net,高知県川崎市川崎区白金台33丁目8番16号,23
10,中川 健一,yamaguchitaichi@example.com,千葉県長生郡睦沢町上野公園24丁目10番6号 シャルム北青山732,25
23,山下 翔太,mituru87@example.org,東京都長生郡一宮町蟇沼3丁目27番9号,28
77,藤田 さゆり,kumikoyamashita@example.net,富山県横浜市緑区脚折21丁目6番16号 アーバン箪笥町866,30
27,佐々木 聡太郎,hashimotoryohei@example.com,千葉県横浜市旭区蔵前2丁目13番9号 東和町シティ637,30
74,中島 裕樹,rkondo@example.org,静岡県足立区羽折町15丁目19番6号 横林コート711,31
79,小林 亮介,yasuhirosakamoto@example.com,愛知県横浜市青葉区千塚8丁目15番19号 パレス津久戸町475,32
22,高橋 智也,kenichi36@example.com,京都府千代田区虎ノ門13丁目15番4号 コーポ千塚355,33
0,岡田 学,znakagawa@example.org,静岡県富津市蟇沼13丁目8番3号 無栗屋シティ345,35
41,山口 舞,yui76@example.com,宮崎県西東京市京橋22丁目15番15号 花島ハイツ542,35
11,坂本 結衣,jkobayashi@example.net,神奈川県長生郡睦沢町無栗屋41丁目14番16号 シティ白金台394,37
80,山口 裕美子,shota04@example.com,佐賀県福生市戸島15丁目8番2号 蟇沼シャルム349,37
20,斎藤 健一,minoru12@example.com,秋田県中央区上広谷33丁目12番14号 ハイツ下宇和田473,38
19,阿部 直人,momoko23@example.com,京都府君津市藤金20丁目18番19号 四番町シャルム998,39
49,橋本 花子,swatanabe@example.com,佐賀県昭島市下宇和田1丁目26番1号 シャルム羽折町044,41
55,高橋 太郎,taichi51@example.net,沖縄県国分寺市白金台1丁目16番9号,41
24,橋本 加奈,ryosuke97@example.net,埼玉県川崎市宮前区豊町42丁目6番17号 コート月島782,41
36,斉藤 七夏,yamaguchiryosuke@example.com,福岡県文京区長畑39丁目23番17号,43
37,渡辺 舞,kobayashikaori@example.net,茨城県千代田区蟇沼10丁目21番19号 パレス麹町051,47
48,佐藤 学,bhasegawa@example.com,徳島県長生郡白子町高田馬場2丁目12番10号 上高野アーバン805,48
38,木村 康弘,cyamamoto@example.com,千葉県武蔵村山市猿楽町37丁目27番14号 虎ノ門パレス884,48
5,鈴木 陽子,matsumotoyoko@example.net,愛知県大網白里市上野公園5丁目10番15号 コーポ上高野584,49
17,清水 さゆり,itonaoki@example.com,愛媛県印旛郡栄町脚折1丁目3番2号 東和町コーポ746,49
40,田中 浩,momokoyamazaki@example.com,島根県北区津久戸町33丁目1番2号 西関宿アーバン569,49
31,松本 篤司,akemi98@example.com,佐賀県足立区中小来川17丁目11番7号,49
44,斎藤 裕太,yukisaito@example.net,岩手県横浜市保土ケ谷区日比谷公園10丁目24番1号 五味ヶ谷パーク280,50
43,鈴木 里佳,maisasaki@example.com,広島県足立区卯の里39丁目5番16号 吾妻橋パレス446,51
8,小林 太郎,yuki05@example.net,沖縄県墨田区麹町27丁目22番12号 中三依ハイツ572,51
47,遠藤 翼,junsuzuki@example.net,三重県立川市日光21丁目21番7号 パーク戸塚町529,52
86,佐藤 篤司,katokumiko@example.org,大分県西多摩郡奥多摩町小入31丁目27番13号,53
35,伊藤 淳,gototsubasa@example.org,北海道鎌ケ谷市今戸32丁目22番11号 前弥六パーク835,55
30,山田 知実,naoko28@example.net,群馬県山武郡横芝光町木立20丁目26番15号,55
50,村上 美加子,tsubasa93@example.net,山形県豊島区手岡16丁目6番9号 ハイツ土沢428,55
2,高橋 和也,sotaro16@example.net,大分県安房郡鋸南町戸塚町9丁目22番18号 シティ一ツ橋052,58
85,後藤 千代,xogawa@example.net,広島県清瀬市千塚14丁目2番20号 コーポ轟804,58
29,阿部 太郎,mishii@example.net,愛媛県長生郡長生村雷門9丁目24番9号 コーポ大京町932,59
62,岡田 加奈,watanabetaichi@example.net,北海道川崎市川崎区日光38丁目26番14号 シティ太田ヶ谷436,62
42,前田 明美,saitohanako@example.org,山口県川崎市高津区西川9丁目18番14号,64
7,山田 翼,jun39@example.org,佐賀県八丈島八丈町下宇和田12丁目13番4号,65
67,林 桃子,ggoto@example.net,鹿児島県大田区幸手31丁目21番14号 コーポ無栗屋496,66
15,加藤 知実,fkobayashi@example.org,宮城県豊島区方京16丁目5番3号 コーポ美原町761,67
66,福田 亮介,hiroshi45@example.com,山形県浦安市羽折町32丁目21番9号 芝大門クレスト750,67
69,山崎 桃子,tyamazaki@example.com,福井県君津市西小来川29丁目8番15号,67
21,小林 亮介,matsumototaro@example.net,三重県大網白里市西関宿7丁目6番15号 コート白金台644,68
4,岡田 香織,aokimaaya@example.net,鳥取県青梅市今戸32丁目3番16号 大京町パーク662,69
25,藤井 太一,satomi97@example.com,茨城県目黒区東三島42丁目9番8号 シティ皇居外苑525,70
53,石井 舞,kondorei@example.net,熊本県川崎市高津区細野16丁目25番4号,71
58,山本 くみ子,ekato@example.net,茨城県南房総市一ツ橋37丁目16番15号,71
9,斎藤 さゆり,tsubasa82@example.net,福岡県川崎市川崎区無栗屋10丁目6番15号 松浦町アーバン798,72
59,山本 美加子,lsato@example.com,東京都台東区花川戸34丁目26番16号 ハイツ日本堤553,74
1,佐々木 英樹,naokihasegawa@example.com,福島県長生郡睦沢町浅草24丁目25番2号 パレス鳥越608,75
28,松本 陽一,fyamamoto@example.org,神奈川県羽村市西小来川28丁目16番6号 竜泉コート402,76
72,小林 陽一,mituru32@example.com,北海道大田区柿木沢23丁目5番5号 筑土八幡町アーバン703,77
68,山下 加奈,xkimura@example.net,岐阜県印旛郡栄町台場35丁目6番10号,77
56,小林 桃子,takumayamamoto@example.org,福岡県川崎市宮前区東神田11丁目14番7号 コート高輪530,77
70,井上 和也,shota47@example.net,兵庫県長生郡睦沢町今戸40丁目24番15号,77
18,佐々木 くみ子,dfujiwara@example.net,青森県君津市猿楽町8丁目11番11号,79
52,山田 春香,dyamaguchi@example.org,愛知県横浜市南区鶴ヶ丘19丁目25番3号 松石コート884,79
6,鈴木 七夏,yamashitaakemi@example.net,宮崎県山武郡横芝光町千塚11丁目8番18号 クレスト南赤田660,82
51,橋本 くみ子,shohei19@example.org,福島県長生郡長南町高田馬場13丁目9番14号 卯の里コート571,82
13,松本 裕樹,momokonakamura@example.org,東京都新島村五味ヶ谷30丁目8番13号 クレスト油井719,82
75,加藤 知実,dnakamura@example.com,大分県白井市脚折町23丁目16番2号,82
57,佐々木 直樹,rika74@example.org,鳥取県川崎市高津区前弥六40丁目25番15号 コート秋葉原194,84
14,山本 太郎,okamotonanami@example.com,広島県川崎市中原区平河町39丁目3番8号,86
33,高橋 桃子,kazuya39@example.net,静岡県利島村権現堂14丁目17番17号 日本堤シティ450,87
32,鈴木 あすか,taichi38@example.org,福岡県富里市京橋4丁目20番6号 戸山パレス105,88
73,三浦 篤司,yumikoshimizu@example.com,大阪府神津島村大京町17丁目4番15号,89
64,山口 亮介,momoko31@example.org,福井県文京区箪笥町39丁目25番17号 東上野シティ489,89
84,中島 裕美子,mshimizu@example.com,秋田県八丈島八丈町羽折町39丁目11番10号 富久町パーク710,90
16,藤田 結衣,kobayashiyuki@example.org,山梨県四街道市天神島5丁目7番5号 アーバン前弥六南町408,90
81,石川 康弘,yokoito@example.org,福岡県御蔵島村浅草橋40丁目26番14号 シャルム氏家013,90
82,岡本 加奈,nanami32@example.org,岡山県香取郡東庄町富久町27丁目7番4号,91
26,鈴木 学,yoichifujii@example.com,岩手県日野市松石42丁目11番16号,91
63,佐藤 結衣,osamu44@example.org,神奈川県台東区長間25丁目2番7号 パレス蔵前332,92
78,佐藤 篤司,kaoriito@example.com,岡山県中野区百村36丁目13番19号,92
65,佐々木 さゆり,zito@example.org,青森県北区元浅草30丁目15番2号 前弥六パレス456,93
12,加藤 さゆり,xfujiwara@example.net,山形県御蔵島村大中28丁目11番12号 パーク脚折423,93
54,藤原 英樹,ishikawakyosuke@example.org,福井県川崎市中原区勝どき32丁目12番19号 中小来川クレスト246,96
61,山本 裕美子,nanami26@example.com,奈良県横浜市港南区中川崎38丁目26番20号,96
83,山本 拓真,yamadasotaro@example.org,北海道横浜市緑区港南6丁目10番11号,97
45,渡辺 翔太,sayuri71@example.net,石川県西多摩郡日の出町日比谷公園41丁目11番14号,98
60,小林 淳,yoshidasayuri@example.org,沖縄県稲城市轟19丁目18番7号,99
39,斎藤 七夏,mtanaka@example.com,佐賀県長生郡長生村丸の内2丁目1番4号 上野桜木パーク593,100
71,後藤 舞,yasuhiro24@example.net,三重県君津市西神田21丁目3番7号 芝大門シティ323,100
